source,start,d_true,manhattan,detour,detour_fixed14,beta,open_edges,n_comp_total,n_paths,deg0,deg1,deg2,deg3,deg4,dead_ends,goal_gateways,goal_interior_walls,center_post_walls,isolated_posts,outer_ok,start_walls,start_open_dirs,init_head_used,left_reach,right_reach,all_reachable_from_start,n_reach_from_start,rule_gateway1,rule_wallfollow_fails,rule_multi_path,rule_no_isolated_post,rule_outer_complete,rule_start3walls,n_rules_ok,goal_cells
16MM2012CX.maze,"(0, 0)",69,14,4.928571428571429,4.928571428571429,22,277,1,4,0,9,196,51,0,9,2,0,0,0,True,3,0,0,False,False,True,256,False,True,True,True,True,True,5,7-7;7-8;8-7;8-8
16MM2013CX.maze,"(0, 0)",105,14,7.5,7.5,9,264,1,1,0,25,196,29,6,25,1,0,0,0,True,3,0,0,False,False,True,256,True,True,True,True,True,True,6,7-7;7-8;8-7;8-8
16MM2014CX.maze,"(0, 0)",104,14,7.428571428571429,7.428571428571429,9,264,1,2,0,37,174,37,8,37,2,0,0,0,True,3,0,0,False,False,True,256,False,True,True,True,True,True,5,7-7;7-8;8-7;8-8
16MM2015CX.maze,"(0, 0)",85,14,6.071428571428571,6.071428571428571,10,265,1,2,0,34,179,34,9,34,2,0,0,0,True,3,0,0,False,False,True,256,False,True,True,True,True,True,5,7-7;7-8;8-7;8-8
16MM2015C_Chubu.maze,"(0, 0)",54,14,3.857142857142857,3.857142857142857,25,280,1,14,0,4,200,52,0,4,1,0,0,0,True,3,0,0,False,False,True,256,True,True,True,True,True,True,6,7-7;7-8;8-7;8-8
16MM2016CX.maze,"(0, 0)",74,14,5.285714285714286,5.285714285714286,10,265,1,4,0,19,205,27,5,19,1,0,0,0,True,3,0,0,False,False,True,256,True,True,True,True,True,True,6,7-7;7-8;8-7;8-8
16MM2016C_Chubu.maze,"(0, 0)",85,14,6.071428571428571,6.071428571428571,22,275,3,12,2,16,186,46,6,16,1,0,0,0,True,3,0,0,False,False,False,254,True,True,True,True,True,True,6,7-7;7-8;8-7;8-8
16MM2016C_Kyushu.maze,"(0, 0)",63,14,4.5,4.5,10,265,1,1,0,39,164,49,4,39,1,0,0,0,True,3,0,0,False,False,True,256,True,True,True,True,True,True,6,7-7;7-8;8-7;8-8
16MM2016H_Kansai.maze,"(0, 0)",40,22,1.8181818181818181,2.857142857142857,29,275,10,1,0,20,178,58,0,20,1,0,0,8,True,3,0,0,False,False,False,215,True,True,True,False,True,True,5,11-11;11-12;12-11;12-12
16MM2017CX.maze,"(0, 0)",99,14,7.071428571428571,7.071428571428571,5,260,1,1,0,27,198,27,4,27,1,0,0,0,True,3,0,0,False,False,True,256,True,True,True,True,True,True,6,7-7;7-8;8-7;8-8
16MM2017CX_pre.maze,"(0, 0)",47,14,3.357142857142857,3.357142857142857,33,288,1,6,0,22,152,78,4,22,1,0,0,0,True,3,0,0,False,False,True,256,True,True,True,True,True,True,6,7-7;7-8;8-7;8-8
16MM2017C_Chubu.maze,"(0, 0)",115,14,8.214285714285714,8.214285714285714,34,289,1,140,0,10,173,70,3,10,1,0,0,0,True,3,0,0,True,True,True,256,True,False,True,True,True,True,5,7-7;7-8;8-7;8-8
16MM2017C_East.maze,"(0, 0)",70,14,5.0,5.0,19,274,1,12,0,29,163,63,1,29,1,0,0,0,True,3,0,0,True,True,True,256,True,False,True,True,True,True,5,7-7;7-8;8-7;8-8
16MM2017C_student.maze,"(0, 0)",103,14,7.357142857142857,7.357142857142857,11,266,1,4,0,36,170,44,6,36,1,0,0,0,True,3,0,0,False,False,True,256,True,True,True,True,True,True,6,7-7;7-8;8-7;8-8
16MM2017HX_pre.maze,"(0, 0)",54,8,6.75,3.857142857142857,21,268,9,6,1,27,175,53,0,27,1,0,0,0,True,3,0,0,False,False,False,229,True,True,True,True,True,True,6,4-4;4-5;5-4;5-5
16MM2017H_Chubu.maze,"(0, 0)",191,11,17.363636363636363,13.642857142857142,7,262,1,12,0,22,201,32,1,22,1,0,0,0,True,3,0,0,True,True,True,256,True,False,True,True,True,True,5,5-6;5-7;6-6;6-7
16MM2017H_Kansai.maze,"(0, 0)",43,11,3.909090909090909,3.0714285714285716,14,259,11,2,10,53,114,79,0,53,1,0,0,0,True,3,0,0,False,False,False,246,True,True,True,True,True,True,6,5-6;5-7;6-6;6-7
16MM2017H_Tashiro.maze,"(0, 0)",231,14,16.5,16.5,1,237,20,1,18,3,234,1,0,3,1,0,0,0,True,3,0,0,True,True,False,235,True,False,True,True,True,True,5,7-7;7-8;8-7;8-8
16MM2017H_student.maze,"(0, 0)",59,11,5.363636363636363,4.214285714285714,13,268,1,3,0,31,171,53,1,31,1,0,0,0,True,3,0,0,False,False,True,256,True,True,True,True,True,True,6,5-6;5-7;6-6;6-7
16MM2018CX.maze,"(0, 0)",84,14,6.0,6.0,14,269,1,3,0,15,205,31,5,15,1,0,0,0,True,3,0,0,False,False,True,256,True,True,True,True,True,True,6,7-7;7-8;8-7;8-8
16MM2018C_student.maze,"(0, 0)",48,14,3.4285714285714284,3.4285714285714284,26,278,4,19,3,22,163,64,4,22,1,0,0,0,True,3,0,0,False,False,False,253,True,True,True,True,True,True,6,7-7;7-8;8-7;8-8
16MM2018H_Chubu.maze,"(0, 0)",52,18,2.888888888888889,3.7142857142857144,16,271,1,1,0,27,172,57,0,27,1,0,0,0,True,3,0,0,False,False,True,256,True,True,True,True,True,True,6,9-9;9-10;10-9;10-10
16MM2018H_Kansai.maze,"(0, 0)",48,18,2.6666666666666665,3.4285714285714284,40,295,1,28,0,9,160,87,0,9,2,0,0,0,True,3,0,0,False,False,True,256,False,True,True,True,True,True,5,9-9;9-10;10-9;10-10
16MM2018H_Tashiro.maze,"(0, 0)",249,14,17.785714285714285,17.785714285714285,1,256,1,1,0,2,252,2,0,2,1,0,0,0,True,3,0,0,True,True,True,256,True,False,True,True,True,True,5,7-7;7-8;8-7;8-8
16MM2018H_semi.maze,"(0, 0)",74,24,3.0833333333333335,5.285714285714286,18,273,1,8,0,33,167,45,11,33,1,0,0,0,True,3,0,0,False,False,True,256,True,True,True,True,True,True,6,12-12;12-13;13-12;13-13
16MM2018H_student.maze,"(0, 0)",50,18,2.7777777777777777,3.5714285714285716,4,254,6,1,5,32,184,32,3,32,2,0,0,0,True,3,0,0,False,False,False,251,False,True,True,True,True,True,5,9-9;9-10;10-9;10-10
16MM2019CX.maze,"(0, 0)",75,14,5.357142857142857,5.357142857142857,19,274,1,18,0,23,182,43,8,23,2,0,0,0,True,3,0,0,False,False,True,256,False,True,True,True,True,True,5,7-7;7-8;8-7;8-8
16MM2019C_student.maze,"(0, 0)",60,14,4.285714285714286,4.285714285714286,25,280,1,28,0,12,190,48,6,12,1,0,0,0,True,3,0,0,False,False,True,256,True,True,True,True,True,True,6,7-7;7-8;8-7;8-8
16MM2019H_Chubu.maze,"(0, 0)",57,15,3.8,4.071428571428571,26,281,1,2,0,30,162,48,16,30,1,0,0,0,True,3,0,0,False,False,True,256,True,True,True,True,True,True,6,6-9;6-10;7-9;7-10
16MM2019H_East.maze,"(0, 0)",51,15,3.4,3.642857142857143,15,270,1,1,0,35,158,63,0,35,1,0,0,0,True,3,0,0,False,False,True,256,True,True,True,True,True,True,6,6-9;6-10;7-9;7-10
16MM2019H_Hokuriku.maze,"(0, 0)",63,15,4.2,4.5,10,265,1,1,0,31,178,45,2,31,1,0,0,0,True,3,0,0,False,False,True,256,True,True,True,True,True,True,6,6-9;6-10;7-9;7-10
16MM2019H_Kanazawa.maze,"(0, 0)",59,15,3.933333333333333,4.214285714285714,22,274,4,6,3,25,167,55,6,25,1,0,0,0,True,3,0,0,False,False,False,253,True,True,True,True,True,True,6,6-9;6-10;7-9;7-10
16MM2019H_Kansai.maze,"(0, 0)",50,15,3.3333333333333335,3.5714285714285716,35,290,1,16,0,39,118,91,8,39,1,0,0,8,True,3,0,0,False,False,True,256,True,True,True,False,True,True,5,6-9;6-10;7-9;7-10
16MM2019H_Kyushu.maze,"(0, 0)",41,15,2.7333333333333334,2.9285714285714284,35,290,1,6,0,25,144,81,6,25,1,0,0,0,True,3,0,0,False,False,True,256,True,True,True,True,True,True,6,6-9;6-10;7-9;7-10
16MM2019H_Tashiro.maze,"(0, 0)",75,15,5.0,5.357142857142857,27,282,1,60,0,63,86,99,8,63,1,0,0,0,True,3,0,0,False,False,True,256,True,True,True,True,True,True,6,6-9;6-10;7-9;7-10
16MM2019H_semi.maze,"(0, 0)",78,15,5.2,5.571428571428571,23,278,1,8,0,8,196,52,0,8,1,0,0,0,True,3,0,0,False,False,True,256,True,True,True,True,True,True,6,8-7;8-8;9-7;9-8
16MM2019H_student.maze,"(0, 0)",43,15,2.8666666666666667,3.0714285714285716,18,272,2,4,1,8,213,26,8,8,1,0,0,0,True,3,0,0,False,False,False,255,True,True,True,True,True,True,6,6-9;6-10;7-9;7-10
16MM2020CX.maze,"(0, 0)",41,14,2.9285714285714284,2.9285714285714284,37,291,2,2,1,3,177,75,0,3,1,0,0,0,True,3,0,0,False,False,False,255,True,True,True,True,True,True,6,7-7;7-8;8-7;8-8
16MM2020C_student.maze,"(0, 0)",70,14,5.0,5.0,35,275,16,48,15,1,176,59,5,1,1,0,0,0,True,3,0,0,False,False,False,241,True,True,True,True,True,True,6,7-7;7-8;8-7;8-8
16MM2020H_student.maze,"(0, 0)",56,6,9.333333333333334,4.0,36,291,1,48,0,14,167,66,9,14,1,0,0,0,True,3,0,0,False,False,True,256,True,True,True,True,True,True,6,3-3;3-4;4-3;4-4
16MM2021H_Kansai.maze,"(0, 0)",58,14,4.142857142857143,4.142857142857143,23,274,5,8,0,23,176,55,2,23,1,0,0,4,True,3,0,0,False,False,False,240,True,True,True,False,True,True,5,7-7;7-8;8-7;8-8
16MM2021H_semi.maze,"(0, 0)",70,15,4.666666666666667,5.0,33,288,1,265,0,27,143,81,5,27,1,0,0,0,True,3,0,0,False,False,True,256,True,True,True,True,True,True,6,6-9;6-10;7-9;7-10
